TEMP,TNMFRC,PERMANENT_,SOURCE_FEA,SOURCE_DAT,SOURCE_D00,SOURCE_ORI,LOADDATE,INTERSTATE,INTERSTA00,INTERSTA01,INTERSTA02,US_ROUTE,US_ROUTE_A,US_ROUTE_B,US_ROUTE_C,STATE_ROUT,STATE_RO00,STATE_RO01,STATE_RO02,COUNTY_ROU,FEDERAL_LA,STCO_FIPSC,FULL_STREE,MTFCC_CODE,SHAPE_LENG
54625,4,e1a6bf17-6d33-4cff-bb59-4e9cf83fc850,110686410432,{F27AAE8E-8459-46CE-926B-6F515BE7874F},2016 BAS Tiger/Line Shapefiles Release,"U.S Department of Commerce, U.S. Census Bureau, Geography Division",20151208133159,,,,,,,,,,,,,,,48113,E John Carpenter Fwy,S1640,0.000632213667093945
54626,1,82840413-54f7-4c74-b26d-d69591edf7b8,1104487292195,{F27AAE8E-8459-46CE-926B-6F515BE7874F},2016 BAS Tiger/Line Shapefiles Release,"U.S Department of Commerce, U.S. Census Bureau, Geography Division",20151208124815,,,,,,,,,12,,,,,,48113,N Walton Walker Blvd,S1100,0.00155474979266864
54627,1,13eee7f7-40fa-4080-9e94-c3b7a0148d34,1102964833006,{F27AAE8E-8459-46CE-926B-6F515BE7874F},2016 BAS Tiger/Line Shapefiles Release,"U.S Department of Commerce, U.S. Census Bureau, Geography Division",20151208113928,,,,,,,,,12,,,,,,48113,N Walton Walker Blvd,S1100,0.000144045131612924
141397,4,9067f446-883a-4491-afd5-42bbb9deba07,110686370069,{F27AAE8E-8459-46CE-926B-6F515BE7874F},2016 BAS Tiger/Line Shapefiles Release,"U.S Department of Commerce, U.S. Census Bureau, Geography Division",20151208135408,,,,,,,,,,,,,,,48113,Hidalgo St,S1400,0.000864200651348457
141602,4,a21ad2cc-4569-42c3-b244-da5ae647b349,110686395218,{F27AAE8E-8459-46CE-926B-6F515BE7874F},2016 BAS Tiger/Line Shapefiles Release,"U.S Department of Commerce, U.S. Census Bureau, Geography Division",20151208120549,,,,,,,,,,,,,,,48113,Chemsearch Blvd,S1400,0.000199999999722422
141603,4,0224df4b-7f87-4566-94e2-586e8cd9577b,110686391226,{F27AAE8E-8459-46CE-926B-6F515BE7874F},2016 BAS Tiger/Line Shapefiles Release,"U.S Department of Commerce, U.S. Census Bureau, Geography Division",20151208111804,,,,,,,,,,,,,,,48113,E Northgate Dr,S1400,0.000340288112646554
141604,4,54cf25a9-9551-4d4a-b5f7-a7e6a3f2b657,110686373597,{F27AAE8E-8459-46CE-926B-6F515BE7874F},2016 BAS Tiger/Line Shapefiles Release,"U.S Department of Commerce, U.S. Census Bureau, Geography Division",20151208131819,,,,,,,,,,,,,,,48113,Science Dr,S1400,0.000251914667740258
141605,4,a3e01fcd-6dc0-4e8c-928e-d3951fa75722,110686379170,{F27AAE8E-8459-46CE-926B-6F515BE7874F},2016 BAS Tiger/Line Shapefiles Release,"U.S Department of Commerce, U.S. Census Bureau, Geography Division",20151208120320,,,,,,,,,,,,,,,48113,Haggerty,S1400,0.000909018396288741
141606,5,f76d2bc0-2f8c-4d52-8aeb-fcaabd8a6fc8,1105317260657,{F27AAE8E-8459-46CE-926B-6F515BE7874F},2016 BAS Tiger/Line Shapefiles Release,"U.S Department of Commerce, U.S. Census Bureau, Geography Division",20151208133841,,,,,,,,,,,,,,,48113,,S1630,8.60523095122113e-005
141607,4,043b0413-1c1c-4c37-a4f9-79e57309718f,110686405156,{F27AAE8E-8459-46CE-926B-6F515BE7874F},2016 BAS Tiger/Line Shapefiles Release,"U.S Department of Commerce, U.S. Census Bureau, Geography Division",20151208120640,,,,,,,,,,,,,,,48113,Tom Braniff Dr,S1400,0.000255713027304016
141608,4,1d4630bf-5b51-43f1-9d43-c86fab27f5c0,110686410432,{F27AAE8E-8459-46CE-926B-6F515BE7874F},2016 BAS Tiger/Line Shapefiles Release,"U.S Department of Commerce, U.S. Census Bureau, Geography Division",20151208133159,,,,,,,,,,,,,,,48113,E John Carpenter Fwy,S1640,0.0025474903002701
228255,4,0e9c0dc8-7b78-4f22-af75-f0d31ebdfb71,110686383150,{F27AAE8E-8459-46CE-926B-6F515BE7874F},2016 BAS Tiger/Line Shapefiles Release,"U.S Department of Commerce, U.S. Census Bureau, Geography Division",20151208134014,,,,,,,,,,,,,,,48113,Rochelle Blvd,S1400,0.000770257747864744
228257,4,3f829698-47fb-4998-b8eb-1f5ec4ef3632,110686369077,{F27AAE8E-8459-46CE-926B-6F515BE7874F},2016 BAS Tiger/Line Shapefiles Release,"U.S Department of Commerce, U.S. Census Bureau, Geography Division",20151208111920,,,,,,,,,,,,,,,48113,Fortune Ct,S1400,0.000499916992291594
228520,4,dfb3a892-887b-49c7-8d30-37958a291eeb,110686411543,{F27AAE8E-8459-46CE-926B-6F515BE7874F},2016 BAS Tiger/Line Shapefiles Release,"U.S Department of Commerce, U.S. Census Bureau, Geography Division",20151208121039,,,,,,,,,,,,,,,48113,E John W Carpenter Fwy,S1640,0.000443029242002937
228521,4,cc9b006d-6bab-4a7d-a18d-b84bdc05c7ee,110686405107,{F27AAE8E-8459-46CE-926B-6F515BE7874F},2016 BAS Tiger/Line Shapefiles Release,"U.S Department of Commerce, U.S. Census Bureau, Geography Division",20151208122431,,,,,,,,,,,,,,,48113,Texas Plaza Dr,S1400,0.000147800540978218
228523,4,0bfe377d-2ff6-4238-ac30-4ebc253970a4,110686405158,{F27AAE8E-8459-46CE-926B-6F515BE7874F},2016 BAS Tiger/Line Shapefiles Release,"U.S Department of Commerce, U.S. Census Bureau, Geography Division",20151208111136,,,,,,,,,,,,,,,48113,Tom Braniff Dr,S1400,0.000323198729482994
228524,1,ed882e7c-3d1a-4576-9598-dd87a158900b,1102964833006,{F27AAE8E-8459-46CE-926B-6F515BE7874F},2016 BAS Tiger/Line Shapefiles Release,"U.S Department of Commerce, U.S. Census Bureau, Geography Division",20151208113928,,,,,,,,,12,,,,,,48113,N Walton Walker Blvd,S1100,0.00031053824191097
315080,4,c0bca525-8742-49ad-ada0-0d737b1ef81c,110686348083,{F27AAE8E-8459-46CE-926B-6F515BE7874F},2016 BAS Tiger/Line Shapefiles Release,"U.S Department of Commerce, U.S. Census Bureau, Geography Division",20151208111912,,,,,,,,,,,,,,,48113,Ricci Ln,S1740,0.00312186096867538
315081,4,cf37579a-e5b4-4e69-8c35-32486e1fcd65,110686411385,{F27AAE8E-8459-46CE-926B-6F515BE7874F},2016 BAS Tiger/Line Shapefiles Release,"U.S Department of Commerce, U.S. Census Bureau, Geography Division",20151208123731,,,,,,,,,,,,,,,48113,University Park Ln,S1740,0.000442459036967665
315311,5,eee0c7a7-0d1e-4abc-9ccc-b2f153e4f711,110686463073,{F27AAE8E-8459-46CE-926B-6F515BE7874F},2016 BAS Tiger/Line Shapefiles Release,"U.S Department of Commerce, U.S. Census Bureau, Geography Division",20151208135455,,,,,,,,,,,,,,,48113,,S1630,0.00259746254018876
315312,4,5772a813-24ee-466e-9177-f74d30c1ad9c,110686391226,{F27AAE8E-8459-46CE-926B-6F515BE7874F},2016 BAS Tiger/Line Shapefiles Release,"U.S Department of Commerce, U.S. Census Bureau, Geography Division",20151208111804,,,,,,,,,,,,,,,48113,E Northgate Dr,S1400,0.00213257164914929
401864,4,754cc3d6-05d5-4c88-88ca-91c3b980394f,110686364018,{F27AAE8E-8459-46CE-926B-6F515BE7874F},2016 BAS Tiger/Line Shapefiles Release,"U.S Department of Commerce, U.S. Census Bureau, Geography Division",20151208124518,,,,,,,,,,,,,,,48113,Sonora Ct,S1400,0.000619735694068997
401865,4,e25a23c7-4559-4caf-8523-051cb3b64c37,110686370069,{F27AAE8E-8459-46CE-926B-6F515BE7874F},2016 BAS Tiger/Line Shapefiles Release,"U.S Department of Commerce, U.S. Census Bureau, Geography Division",20151208135408,,,,,,,,,,,,,,,48113,Hidalgo St,S1400,0.000591031703228731
402084,4,9c7333fb-e7b7-488b-b46f-f8a8d915effb,110686405156,{F27AAE8E-8459-46CE-926B-6F515BE7874F},2016 BAS Tiger/Line Shapefiles Release,"U.S Department of Commerce, U.S. Census Bureau, Geography Division",20151208120640,,,,,,,,,,,,,,,48113,Tom Braniff Dr,S1400,0.000714026827272934
402086,1,24c5bb4c-8f0e-4c6c-bac5-d92a85932154,1102964833006,{F27AAE8E-8459-46CE-926B-6F515BE7874F},2016 BAS Tiger/Line Shapefiles Release,"U.S Department of Commerce, U.S. Census Bureau, Geography Division",20151208113928,,,,,,,,,12,,,,,,48113,N Walton Walker Blvd,S1100,0.00552336014762853
402087,5,9917cfdf-6775-45e6-a89f-1119179b502c,1105317260653,{F27AAE8E-8459-46CE-926B-6F515BE7874F},2016 BAS Tiger/Line Shapefiles Release,"U.S Department of Commerce, U.S. Census Bureau, Geography Division",20151208113804,,,,,,,,,,,,,,,48113,,S1630,0.000357659907425272
402088,4,6a36ff2a-54d6-49c7-b7af-a890514763f3,110686323364,{F27AAE8E-8459-46CE-926B-6F515BE7874F},2016 BAS Tiger/Line Shapefiles Release,"U.S Department of Commerce, U.S. Census Bureau, Geography Division",20151208120234,,,,,,,,,,,,,,,48113,W Svc Rd,S1640,0.000195467496851671
402089,1,ba55ec8c-488c-4fd5-9722-047bbac2f937,1104487292195,{F27AAE8E-8459-46CE-926B-6F515BE7874F},2016 BAS Tiger/Line Shapefiles Release,"U.S Department of Commerce, U.S. Census Bureau, Geography Division",20151208124827,,,,,,,,,12,,,,,,48113,N Walton Walker Blvd,S1100,0.000150814455320368
402090,4,e69f3d85-9226-4230-8b1c-a53752557239,110686410432,{F27AAE8E-8459-46CE-926B-6F515BE7874F},2016 BAS Tiger/Line Shapefiles Release,"U.S Department of Commerce, U.S. Census Bureau, Geography Division",20151208133159,,,,,,,,,,,,,,,48113,E John Carpenter Fwy,S1640,0.000120917326904011
488374,4,2e435185-9cd8-4b67-875f-ae76637c1ce5,110686351860,{F27AAE8E-8459-46CE-926B-6F515BE7874F},2016 BAS Tiger/Line Shapefiles Release,"U.S Department of Commerce, U.S. Census Bureau, Geography Division",20151208112204,,,,,,,,,,,,,,,48113,Balboa St,S1400,0.000244051223742484
488375,4,0089a47b-61be-4fbf-8e53-8ed4837ccf72,110686411385,{F27AAE8E-8459-46CE-926B-6F515BE7874F},2016 BAS Tiger/Line Shapefiles Release,"U.S Department of Commerce, U.S. Census Bureau, Geography Division",20151208123731,,,,,,,,,,,,,,,48113,University Park Ln,S1740,0.0038522905826435
488617,4,0aa9e1d6-1f16-4014-b5fe-656108d08c24,110686400721,{F27AAE8E-8459-46CE-926B-6F515BE7874F},2016 BAS Tiger/Line Shapefiles Release,"U.S Department of Commerce, U.S. Census Bureau, Geography Division",20151208121819,,,,,,,,,,,,,,,48113,University Ave,S1400,0.00102006756147613
488618,4,6cf82a97-f471-4ce2-b2dd-e566b5c4bcfd,110686376084,{F27AAE8E-8459-46CE-926B-6F515BE7874F},2016 BAS Tiger/Line Shapefiles Release,"U.S Department of Commerce, U.S. Census Bureau, Geography Division",20151208115906,,,,,,,,,,,,,,,48113,Blakeley,S1400,0.00102603250212049
488620,4,8602e6f9-e947-44b0-aa83-203cc9d6fa89,110686410432,{F27AAE8E-8459-46CE-926B-6F515BE7874F},2016 BAS Tiger/Line Shapefiles Release,"U.S Department of Commerce, U.S. Census Bureau, Geography Division",20151208133159,,,,,,,,,,,,,,,48113,E John Carpenter Fwy,S1640,0.00157515846104547
488621,4,85819b17-73a8-4f10-9594-7da410a59779,110686323364,{F27AAE8E-8459-46CE-926B-6F515BE7874F},2016 BAS Tiger/Line Shapefiles Release,"U.S Department of Commerce, U.S. Census Bureau, Geography Division",20151208120234,,,,,,,,,,,,,,,48113,W Svc Rd,S1640,0.00040696923492268
574948,4,b61e1dbf-d520-4a09-a4bd-34316cfac36b,110686391226,{F27AAE8E-8459-46CE-926B-6F515BE7874F},2016 BAS Tiger/Line Shapefiles Release,"U.S Department of Commerce, U.S. Census Bureau, Geography Division",20151208111804,,,,,,,,,,,,,,,48113,E Northgate Dr,S1400,0.00652709040010318
574949,4,14b09e7f-4400-43b0-9384-a87f3489a5fd,110686455357,{F27AAE8E-8459-46CE-926B-6F515BE7874F},2016 BAS Tiger/Line Shapefiles Release,"U.S Department of Commerce, U.S. Census Bureau, Geography Division",20151208121145,,,,,,,,,,,,,,,48113,,S1400,0.000213788951517917
575197,4,1305617f-d7ba-4558-82d1-1cfeed16af0d,1102500508761,{F27AAE8E-8459-46CE-926B-6F515BE7874F},2016 BAS Tiger/Line Shapefiles Release,"U.S Department of Commerce, U.S. Census Bureau, Geography Division",20151208130205,,,,,,,,,,,,,,,48113,Hagger Ct,S1400,0.000848666353831341
575198,4,59db526f-a5e7-4b99-9c2a-99e0723ec62e,110686388007,{F27AAE8E-8459-46CE-926B-6F515BE7874F},2016 BAS Tiger/Line Shapefiles Release,"U.S Department of Commerce, U.S. Census Bureau, Geography Division",20151208131633,,,,,,,,,,,,,,,48113,Dominican Ln,S1400,0.000710313442431723
575199,4,3f4028e4-194c-4586-9323-5817194df443,110686391227,{F27AAE8E-8459-46CE-926B-6F515BE7874F},2016 BAS Tiger/Line Shapefiles Release,"U.S Department of Commerce, U.S. Census Bureau, Geography Division",20151208115634,,,,,,,,,,,,,,,48113,E Northgate Dr,S1400,0.00195829837332545
575200,4,f3b5eaec-9436-4c69-90d8-cdf51fa25f81,110686459731,{F27AAE8E-8459-46CE-926B-6F515BE7874F},2016 BAS Tiger/Line Shapefiles Release,"U.S Department of Commerce, U.S. Census Bureau, Geography Division",20151208131933,,,,,,,,,,,,,,,48113,,S1400,0.000339558206168023
575201,4,fe531a19-08ca-4bfa-8ffa-26ed352da13d,110686391227,{F27AAE8E-8459-46CE-926B-6F515BE7874F},2016 BAS Tiger/Line Shapefiles Release,"U.S Department of Commerce, U.S. Census Bureau, Geography Division",20151208115634,,,,,,,,,,,,,,,48113,E Northgate Dr,S1400,0.000141999999755171
661911,4,3fc7896e-b04b-4808-ba49-e6cfba852525,110686370069,{F27AAE8E-8459-46CE-926B-6F515BE7874F},2016 BAS Tiger/Line Shapefiles Release,"U.S Department of Commerce, U.S. Census Bureau, Geography Division",20151208135408,,,,,,,,,,,,,,,48113,Hidalgo St,S1400,0.000826504147621694
661912,4,184ac88a-5ab1-4aa8-b63c-08d9015425bf,110686351860,{F27AAE8E-8459-46CE-926B-6F515BE7874F},2016 BAS Tiger/Line Shapefiles Release,"U.S Department of Commerce, U.S. Census Bureau, Geography Division",20151208112204,,,,,,,,,,,,,,,48113,Balboa St,S1400,0.00121034621789847
662132,4,173fed56-4c6a-4c90-b09d-8fc74f5d2ca8,110686373597,{F27AAE8E-8459-46CE-926B-6F515BE7874F},2016 BAS Tiger/Line Shapefiles Release,"U.S Department of Commerce, U.S. Census Bureau, Geography Division",20151208131819,,,,,,,,,,,,,,,48113,Science Dr,S1400,0.000271007379516453
662133,5,722ff717-2df0-45e6-bb84-2ddbad3f6f8a,1105317260657,{F27AAE8E-8459-46CE-926B-6F515BE7874F},2016 BAS Tiger/Line Shapefiles Release,"U.S Department of Commerce, U.S. Census Bureau, Geography Division",20151208133841,,,,,,,,,,,,,,,48113,,S1630,6.50691938324888e-005
662134,4,be059d0a-dfaa-44db-a100-71f4a2bba808,110686405156,{F27AAE8E-8459-46CE-926B-6F515BE7874F},2016 BAS Tiger/Line Shapefiles Release,"U.S Department of Commerce, U.S. Census Bureau, Geography Division",20151208120640,,,,,,,,,,,,,,,48113,Tom Braniff Dr,S1400,0.000139057541865822
662135,4,158a45bc-8ce2-4da1-9375-0a63767dbfd4,110686405158,{F27AAE8E-8459-46CE-926B-6F515BE7874F},2016 BAS Tiger/Line Shapefiles Release,"U.S Department of Commerce, U.S. Census Bureau, Geography Division",20151208111136,,,,,,,,,,,,,,,48113,Tom Braniff Dr,S1400,0.0007273800642336
749058,4,b19939c8-f36c-450e-ae43-67461ba73c99,110686364018,{F27AAE8E-8459-46CE-926B-6F515BE7874F},2016 BAS Tiger/Line Shapefiles Release,"U.S Department of Commerce, U.S. Census Bureau, Geography Division",20151208124518,,,,,,,,,,,,,,,48113,Sonora Ct,S1400,0.00162431734476963
749291,4,2b067cbe-6767-4581-ad0c-7a2df5315d11,110686405156,{F27AAE8E-8459-46CE-926B-6F515BE7874F},2016 BAS Tiger/Line Shapefiles Release,"U.S Department of Commerce, U.S. Census Bureau, Geography Division",20151208120640,,,,,,,,,,,,,,,48113,Tom Braniff Dr,S1400,0.00303855768559967
836053,4,604d19f7-71bf-47e3-bbd9-8f5fb32527fd,110686411385,{F27AAE8E-8459-46CE-926B-6F515BE7874F},2016 BAS Tiger/Line Shapefiles Release,"U.S Department of Commerce, U.S. Census Bureau, Geography Division",20151208123731,,,,,,,,,,,,,,,48113,University Park Ln,S1740,0.000983405256056879
836318,4,4da2343e-035d-4861-a8b2-a4c7b309585e,110686356838,{F27AAE8E-8459-46CE-926B-6F515BE7874F},2016 BAS Tiger/Line Shapefiles Release,"U.S Department of Commerce, U.S. Census Bureau, Geography Division",20151208114649,,,,,,,,,,,,,,,48113,Gorman Dr,S1400,0.0010213341145747
836319,4,92bc0ead-9463-494e-afae-095912252362,110686356838,{F27AAE8E-8459-46CE-926B-6F515BE7874F},2016 BAS Tiger/Line Shapefiles Release,"U.S Department of Commerce, U.S. Census Bureau, Geography Division",20151208114649,,,,,,,,,,,,,,,48113,Gorman Dr,S1400,0.000356486799368404
836320,4,4c4ad706-6914-4da5-892e-8c590ee74be4,110686405156,{F27AAE8E-8459-46CE-926B-6F515BE7874F},2016 BAS Tiger/Line Shapefiles Release,"U.S Department of Commerce, U.S. Census Bureau, Geography Division",20151208120640,,,,,,,,,,,,,,,48113,Tom Braniff Dr,S1400,0.00463000948660918
836321,4,6010b5a2-79ff-4bd1-8679-861b6ee93200,110686391226,{F27AAE8E-8459-46CE-926B-6F515BE7874F},2016 BAS Tiger/Line Shapefiles Release,"U.S Department of Commerce, U.S. Census Bureau, Geography Division",20151208111804,,,,,,,,,,,,,,,48113,E Northgate Dr,S1400,0.000173999999731222
922943,4,2d067db3-ed3d-43d4-bb9a-adb5ca0e1641,110686356838,{F27AAE8E-8459-46CE-926B-6F515BE7874F},2016 BAS Tiger/Line Shapefiles Release,"U.S Department of Commerce, U.S. Census Bureau, Geography Division",20151208114649,,,,,,,,,,,,,,,48113,Gorman Dr,S1400,0.00200318608829397
922944,4,70d62d47-054a-4d40-a9dc-4030eb85991c,110686405158,{F27AAE8E-8459-46CE-926B-6F515BE7874F},2016 BAS Tiger/Line Shapefiles Release,"U.S Department of Commerce, U.S. Census Bureau, Geography Division",20151208111136,,,,,,,,,,,,,,,48113,Tom Braniff Dr,S1400,0.00535140729724622
922945,4,c15d7757-4a74-41fd-b0e1-62ea5cfa7f30,110686405107,{F27AAE8E-8459-46CE-926B-6F515BE7874F},2016 BAS Tiger/Line Shapefiles Release,"U.S Department of Commerce, U.S. Census Bureau, Geography Division",20151208122431,,,,,,,,,,,,,,,48113,Texas Plaza Dr,S1400,0.000574511965956569
922946,4,1533f617-bd70-40d1-90f3-bb43d3fcc820,110686400721,{F27AAE8E-8459-46CE-926B-6F515BE7874F},2016 BAS Tiger/Line Shapefiles Release,"U.S Department of Commerce, U.S. Census Bureau, Geography Division",20151208121819,,,,,,,,,,,,,,,48113,University Ave,S1400,0.000161310259820996
922947,1,c200a655-5781-4ff9-8cf9-b4b55791d497,110686411539,{F27AAE8E-8459-46CE-926B-6F515BE7874F},2016 BAS Tiger/Line Shapefiles Release,"U.S Department of Commerce, U.S. Census Bureau, Geography Division",20151208123229,,,,,,,,,114,,,,,,48113,E John W Carpenter Fwy,S1100,0.00438414800315734
922948,4,02f328bf-18b4-4c11-b10e-de808fb1388a,110686405156,{F27AAE8E-8459-46CE-926B-6F515BE7874F},2016 BAS Tiger/Line Shapefiles Release,"U.S Department of Commerce, U.S. Census Bureau, Geography Division",20151208120640,,,,,,,,,,,,,,,48113,Tom Braniff Dr,S1400,0.00245912842648443
922949,4,f99bf78d-2147-499c-b1f2-22940874710d,110686405158,{F27AAE8E-8459-46CE-926B-6F515BE7874F},2016 BAS Tiger/Line Shapefiles Release,"U.S Department of Commerce, U.S. Census Bureau, Geography Division",20151208111136,,,,,,,,,,,,,,,48113,Tom Braniff Dr,S1400,0.00264569213012745
922951,1,2ab73b5a-f597-405f-b912-6618c86882bf,110686411539,{F27AAE8E-8459-46CE-926B-6F515BE7874F},2016 BAS Tiger/Line Shapefiles Release,"U.S Department of Commerce, U.S. Census Bureau, Geography Division",20151208123229,,,,,,,,,114,,,,,,48113,E John W Carpenter Fwy,S1100,0.000512140604882515
922952,4,ab064099-f44e-46e4-bb14-eb75c32a52e7,110686410432,{F27AAE8E-8459-46CE-926B-6F515BE7874F},2016 BAS Tiger/Line Shapefiles Release,"U.S Department of Commerce, U.S. Census Bureau, Geography Division",20151208133159,,,,,,,,,,,,,,,48113,E John Carpenter Fwy,S1640,0.000518834269477511
1009075,4,9f8de881-42b0-4619-a724-c76219d0aa89,110686383150,{F27AAE8E-8459-46CE-926B-6F515BE7874F},2016 BAS Tiger/Line Shapefiles Release,"U.S Department of Commerce, U.S. Census Bureau, Geography Division",20151208134014,,,,,,,,,,,,,,,48113,Rochelle Blvd,S1400,0.000734998497987731
1009076,4,07f82706-ae81-4836-8005-039ba2d76e57,110686351860,{F27AAE8E-8459-46CE-926B-6F515BE7874F},2016 BAS Tiger/Line Shapefiles Release,"U.S Department of Commerce, U.S. Census Bureau, Geography Division",20151208112204,,,,,,,,,,,,,,,48113,Balboa St,S1400,0.00111855811242009
1009077,4,319be79d-057e-4919-bb84-bd75cd349913,110686402742,{F27AAE8E-8459-46CE-926B-6F515BE7874F},2016 BAS Tiger/Line Shapefiles Release,"U.S Department of Commerce, U.S. Census Bureau, Geography Division",20151208133608,,,,,,,,,,,,,,,48113,Guadalajara Cir,S1400,0.00478517323100912
1009078,4,ecd5a074-6eb1-46eb-a061-20e7d5be5b5a,110686391227,{F27AAE8E-8459-46CE-926B-6F515BE7874F},2016 BAS Tiger/Line Shapefiles Release,"U.S Department of Commerce, U.S. Census Bureau, Geography Division",20151208115634,,,,,,,,,,,,,,,48113,E Northgate Dr,S1400,0.00558496380548103
1009286,4,d5a4dad1-3164-40b2-840b-b48949f9f361,110686373597,{F27AAE8E-8459-46CE-926B-6F515BE7874F},2016 BAS Tiger/Line Shapefiles Release,"U.S Department of Commerce, U.S. Census Bureau, Geography Division",20151208131819,,,,,,,,,,,,,,,48113,Science Dr,S1400,0.000200009999472398
1009287,4,c46d5377-a262-4290-b67f-d71a4173d5d5,110686402170,{F27AAE8E-8459-46CE-926B-6F515BE7874F},2016 BAS Tiger/Line Shapefiles Release,"U.S Department of Commerce, U.S. Census Bureau, Geography Division",20151208112655,,,,,,,,,,,,,,,48113,Constantine,S1400,0.00122585733210435
1009288,4,872b86ee-38d0-40f1-a566-b4adec1d8932,110686405159,{F27AAE8E-8459-46CE-926B-6F515BE7874F},2016 BAS Tiger/Line Shapefiles Release,"U.S Department of Commerce, U.S. Census Bureau, Geography Division",20151208135019,,,,,,,,,,,,,,,48113,Tom Braniff Dr,S1400,0.00357312185587083
1009289,4,1ef09fe6-9de9-4c31-9727-874eeb72e991,110686409993,{F27AAE8E-8459-46CE-926B-6F515BE7874F},2016 BAS Tiger/Line Shapefiles Release,"U.S Department of Commerce, U.S. Census Bureau, Geography Division",20151208140713,,,,,,,,,,,,,,,48113,N Walton Walker Svc Rd E,S1400,0.000608402477179449
1009290,1,21f0f63b-7909-47c0-9ee4-cc3d6a4b33b3,110686412143,{F27AAE8E-8459-46CE-926B-6F515BE7874F},2016 BAS Tiger/Line Shapefiles Release,"U.S Department of Commerce, U.S. Census Bureau, Geography Division",20151208134550,,,,,,,,,114,,,,,,48113,W Johnson W Carpenter Fwy,S1100,0.00448551516475498
1096120,4,9a3cf5f8-a029-4354-8175-0548b8a2c063,110686391227,{F27AAE8E-8459-46CE-926B-6F515BE7874F},2016 BAS Tiger/Line Shapefiles Release,"U.S Department of Commerce, U.S. Census Bureau, Geography Division",20151208115634,,,,,,,,,,,,,,,48113,E Northgate Dr,S1400,0.00666479826974681
1096121,4,9ffeda53-bf61-4956-b565-e3c6091c5d61,110686391226,{F27AAE8E-8459-46CE-926B-6F515BE7874F},2016 BAS Tiger/Line Shapefiles Release,"U.S Department of Commerce, U.S. Census Bureau, Geography Division",20151208111804,,,,,,,,,,,,,,,48113,E Northgate Dr,S1400,0.00238873335695268
1096122,5,d504b83f-7a4c-432a-873b-12ce6bdab3c7,110686459193,{F27AAE8E-8459-46CE-926B-6F515BE7874F},2016 BAS Tiger/Line Shapefiles Release,"U.S Department of Commerce, U.S. Census Bureau, Geography Division",20151208124905,,,,,,,,,,,,,,,48113,,S1630,0.00199235168636386
1096123,1,21feb76b-b194-4a60-b667-8b80a6e0eee9,110686412143,{F27AAE8E-8459-46CE-926B-6F515BE7874F},2016 BAS Tiger/Line Shapefiles Release,"U.S Department of Commerce, U.S. Census Bureau, Geography Division",20151208134550,,,,,,,,,114,,,,,,48113,W Johnson W Carpenter Fwy,S1100,0.00240337515744742
1096371,4,c5a146bf-f7b8-4a5b-abcd-814c915c5a50,110686405106,{F27AAE8E-8459-46CE-926B-6F515BE7874F},2016 BAS Tiger/Line Shapefiles Release,"U.S Department of Commerce, U.S. Census Bureau, Geography Division",20151208133940,,,,,,,,,,,,,,,48113,Texas Plaza Dr,S1400,0.000306992808518072
1096372,4,b6ebd8ce-d132-47a5-939c-97e1f25af4e7,110686405156,{F27AAE8E-8459-46CE-926B-6F515BE7874F},2016 BAS Tiger/Line Shapefiles Release,"U.S Department of Commerce, U.S. Census Bureau, Geography Division",20151208120640,,,,,,,,,,,,,,,48113,Tom Braniff Dr,S1400,0.00139207039836813
1096374,4,9cfc3e0e-24bd-47cc-9d2c-57313e5bf791,110686410432,{F27AAE8E-8459-46CE-926B-6F515BE7874F},2016 BAS Tiger/Line Shapefiles Release,"U.S Department of Commerce, U.S. Census Bureau, Geography Division",20151208133159,,,,,,,,,,,,,,,48113,E John Carpenter Fwy,S1640,0.000258801081542227
1183260,4,4627a082-16d4-40c3-b4c6-eab82da782aa,110686356838,{F27AAE8E-8459-46CE-926B-6F515BE7874F},2016 BAS Tiger/Line Shapefiles Release,"U.S Department of Commerce, U.S. Census Bureau, Geography Division",20151208114649,,,,,,,,,,,,,,,48113,Gorman Dr,S1400,0.00285585549663647
1183261,1,81167949-8b46-4e4f-b7f1-aeb71bc5bf2b,110686412143,{F27AAE8E-8459-46CE-926B-6F515BE7874F},2016 BAS Tiger/Line Shapefiles Release,"U.S Department of Commerce, U.S. Census Bureau, Geography Division",20151208134550,,,,,,,,,114,,,,,,48113,W Johnson W Carpenter Fwy,S1100,0.00434730436743622
1183264,1,105a329c-f8ad-4019-b51b-74fe76bfeed7,110686411539,{F27AAE8E-8459-46CE-926B-6F515BE7874F},2016 BAS Tiger/Line Shapefiles Release,"U.S Department of Commerce, U.S. Census Bureau, Geography Division",20151208123229,,,,,,,,,114,,,,,,48113,E John W Carpenter Fwy,S1100,0.00417486689557617
1270176,4,946d5590-92fd-4778-b742-38a798248f76,110686370611,{F27AAE8E-8459-46CE-926B-6F515BE7874F},2016 BAS Tiger/Line Shapefiles Release,"U.S Department of Commerce, U.S. Census Bureau, Geography Division",20151208111100,,,,,,,,,,,,,,,48113,Kendall Ln,S1740,0.00297535982673724
1270394,4,98f94d99-3aee-4c84-b4d5-266e7e18168c,110686391226,{F27AAE8E-8459-46CE-926B-6F515BE7874F},2016 BAS Tiger/Line Shapefiles Release,"U.S Department of Commerce, U.S. Census Bureau, Geography Division",20151208111804,,,,,,,,,,,,,,,48113,E Northgate Dr,S1400,0.00363623206053132
1270396,1,af862f7e-9cbd-4c3f-83b2-e8d0129c96fb,110686412143,{F27AAE8E-8459-46CE-926B-6F515BE7874F},2016 BAS Tiger/Line Shapefiles Release,"U.S Department of Commerce, U.S. Census Bureau, Geography Division",20151208134550,,,,,,,,,114,,,,,,48113,W Johnson W Carpenter Fwy,S1100,0.000216570717694773
1270399,5,351695d8-3fd9-4d47-9071-628002dbc9f2,1105317260653,{F27AAE8E-8459-46CE-926B-6F515BE7874F},2016 BAS Tiger/Line Shapefiles Release,"U.S Department of Commerce, U.S. Census Bureau, Geography Division",20151208113804,,,,,,,,,,,,,,,48113,,S1630,0.00436114915708469
1270400,1,b3d42f02-eaa2-492d-97cc-a91c1203e7cb,1104487292195,{F27AAE8E-8459-46CE-926B-6F515BE7874F},2016 BAS Tiger/Line Shapefiles Release,"U.S Department of Commerce, U.S. Census Bureau, Geography Division",20151208124827,,,,,,,,,12,,,,,,48113,N Walton Walker Blvd,S1100,0.000368228189512692
1356822,4,7330e60a-0e68-4049-b117-0706363b6822,110686383150,{F27AAE8E-8459-46CE-926B-6F515BE7874F},2016 BAS Tiger/Line Shapefiles Release,"U.S Department of Commerce, U.S. Census Bureau, Geography Division",20151208134014,,,,,,,,,,,,,,,48113,Rochelle Blvd,S1400,0.000837424948948411
1356823,4,7b131427-7358-466e-9e4b-8f17fdd7e043,110686391226,{F27AAE8E-8459-46CE-926B-6F515BE7874F},2016 BAS Tiger/Line Shapefiles Release,"U.S Department of Commerce, U.S. Census Bureau, Geography Division",20151208111804,,,,,,,,,,,,,,,48113,E Northgate Dr,S1400,0.00551479232182641
1357073,5,4d45578d-c517-488e-b9b1-4d2f5dd0d4c6,1105317260661,{F27AAE8E-8459-46CE-926B-6F515BE7874F},2016 BAS Tiger/Line Shapefiles Release,"U.S Department of Commerce, U.S. Census Bureau, Geography Division",20151208134700,,,,,,,,,,,,,,,48113,,S1630,0.000450016114911544
1357074,1,fec42085-09cc-42f4-b498-3d7700fadf18,110686411539,{F27AAE8E-8459-46CE-926B-6F515BE7874F},2016 BAS Tiger/Line Shapefiles Release,"U.S Department of Commerce, U.S. Census Bureau, Geography Division",20151208123229,,,,,,,,,114,,,,,,48113,E John W Carpenter Fwy,S1100,0.000308779856407565
1357075,5,aa091e67-6160-4028-b4f6-ba71ddffdb58,1105317260641,{F27AAE8E-8459-46CE-926B-6F515BE7874F},2016 BAS Tiger/Line Shapefiles Release,"U.S Department of Commerce, U.S. Census Bureau, Geography Division",20151208114613,,,,,,,,,,,,,,,48113,,S1630,0.000352930587548756
1357076,4,2c7f8c98-74e3-4cea-a808-c555a4954f07,110686405156,{F27AAE8E-8459-46CE-926B-6F515BE7874F},2016 BAS Tiger/Line Shapefiles Release,"U.S Department of Commerce, U.S. Census Bureau, Geography Division",20151208120640,,,,,,,,,,,,,,,48113,Tom Braniff Dr,S1400,0.0025409999960857
1357077,4,b3e17aa6-8449-41a2-af88-414d24a64002,110686405106,{F27AAE8E-8459-46CE-926B-6F515BE7874F},2016 BAS Tiger/Line Shapefiles Release,"U.S Department of Commerce, U.S. Census Bureau, Geography Division",20151208133940,,,,,,,,,,,,,,,48113,Texas Plaza Dr,S1400,0.0022054985791613
1357078,5,a68a7f6b-db08-489a-9400-f9ef196f232b,1105317260641,{F27AAE8E-8459-46CE-926B-6F515BE7874F},2016 BAS Tiger/Line Shapefiles Release,"U.S Department of Commerce, U.S. Census Bureau, Geography Division",20151208114613,,,,,,,,,,,,,,,48113,,S1630,0.000448091714730573
1357079,5,ca92df51-137c-458e-b1ec-16d270249e17,1105317260653,{F27AAE8E-8459-46CE-926B-6F515BE7874F},2016 BAS Tiger/Line Shapefiles Release,"U.S Department of Commerce, U.S. Census Bureau, Geography Division",20151208113804,,,,,,,,,,,,,,,48113,,S1630,0.00019616319704127
1444271,4,46a001d1-8301-4798-87e0-f92a359ebc4a,110686383150,{F27AAE8E-8459-46CE-926B-6F515BE7874F},2016 BAS Tiger/Line Shapefiles Release,"U.S Department of Commerce, U.S. Census Bureau, Geography Division",20151208134014,,,,,,,,,,,,,,,48113,Rochelle Blvd,S1400,0.00317948634646386
1444273,4,ab045017-27ae-45b4-baba-8709c94a5c7d,110686411385,{F27AAE8E-8459-46CE-926B-6F515BE7874F},2016 BAS Tiger/Line Shapefiles Release,"U.S Department of Commerce, U.S. Census Bureau, Geography Division",20151208123731,,,,,,,,,,,,,,,48113,University Park Ln,S1740,0.00149091929888706
1444274,4,2acc1c27-338b-43cf-a5b0-86de7288c688,110686410432,{F27AAE8E-8459-46CE-926B-6F515BE7874F},2016 BAS Tiger/Line Shapefiles Release,"U.S Department of Commerce, U.S. Census Bureau, Geography Division",20151208133159,,,,,,,,,,,,,,,48113,E John Carpenter Fwy,S1640,0.00441716177703032
1444275,4,98821d23-92f8-4053-85a4-b1b3c3b550f6,110686346530,{F27AAE8E-8459-46CE-926B-6F515BE7874F},2016 BAS Tiger/Line Shapefiles Release,"U.S Department of Commerce, U.S. Census Bureau, Geography Division",20151208111734,,,,,,,,,,,,,,,48113,Namur,S1400,0.00562906857317571
1444502,4,970e1b2f-b7ad-466a-9046-ac5196bd88fc,110686463074,{F27AAE8E-8459-46CE-926B-6F515BE7874F},2016 BAS Tiger/Line Shapefiles Release,"U.S Department of Commerce, U.S. Census Bureau, Geography Division",20151208130033,,,,,,,,,,,,,,,48113,,S1400,0.000196010203525889
1444503,4,62001dba-1a64-47fd-a374-38b7209a1e57,110686411543,{F27AAE8E-8459-46CE-926B-6F515BE7874F},2016 BAS Tiger/Line Shapefiles Release,"U.S Department of Commerce, U.S. Census Bureau, Geography Division",20151208121039,,,,,,,,,,,,,,,48113,E John W Carpenter Fwy,S1640,0.000500612130366095
1444504,4,8b645416-ea0b-42ad-a61b-9cf66a48b5ed,110686405108,{F27AAE8E-8459-46CE-926B-6F515BE7874F},2016 BAS Tiger/Line Shapefiles Release,"U.S Department of Commerce, U.S. Census Bureau, Geography Division",20151208123615,,,,,,,,,,,,,,,48113,Texas Plaza Dr,S1400,0.000410360659749323
1444505,4,c494e057-935f-4032-8780-e22848e4eec6,110686391227,{F27AAE8E-8459-46CE-926B-6F515BE7874F},2016 BAS Tiger/Line Shapefiles Release,"U.S Department of Commerce, U.S. Census Bureau, Geography Division",20151208115634,,,,,,,,,,,,,,,48113,E Northgate Dr,S1400,0.000201248602198609
1444506,4,54a93f11-f8c4-43a1-a03c-a53be26fd9b3,110686405158,{F27AAE8E-8459-46CE-926B-6F515BE7874F},2016 BAS Tiger/Line Shapefiles Release,"U.S Department of Commerce, U.S. Census Bureau, Geography Division",20151208111136,,,,,,,,,,,,,,,48113,Tom Braniff Dr,S1400,0.000142004201418498
1444507,5,eda2a906-c39d-46e8-8439-22bba5e38d04,1105317260641,{F27AAE8E-8459-46CE-926B-6F515BE7874F},2016 BAS Tiger/Line Shapefiles Release,"U.S Department of Commerce, U.S. Census Bureau, Geography Division",20151208114613,,,,,,,,,,,,,,,48113,,S1630,0.00272748584554165
1531367,4,cb7c50fd-9c70-4af0-9dd5-a3774e7466c0,110686368521,{F27AAE8E-8459-46CE-926B-6F515BE7874F},2016 BAS Tiger/Line Shapefiles Release,"U.S Department of Commerce, U.S. Census Bureau, Geography Division",20151208132308,,,,,,,,,,,,,,,48113,Durango Cir N,S1400,0.00267714616023608
1531624,4,d4d55bde-ca9c-45fb-a87b-b8c7a4fbd780,110686356838,{F27AAE8E-8459-46CE-926B-6F515BE7874F},2016 BAS Tiger/Line Shapefiles Release,"U.S Department of Commerce, U.S. Census Bureau, Geography Division",20151208114649,,,,,,,,,,,,,,,48113,Gorman Dr,S1400,0.00040494276033145
1531625,5,873c1a35-1906-40f1-9ace-9214c2346fb4,1105317260645,{F27AAE8E-8459-46CE-926B-6F515BE7874F},2016 BAS Tiger/Line Shapefiles Release,"U.S Department of Commerce, U.S. Census Bureau, Geography Division",20151208114512,,,,,,,,,,,,,,,48113,,S1630,0.00070123319835823
1531626,5,4b244955-df95-478b-b951-ee0577678afe,1105317260650,{F27AAE8E-8459-46CE-926B-6F515BE7874F},2016 BAS Tiger/Line Shapefiles Release,"U.S Department of Commerce, U.S. Census Bureau, Geography Division",20151208121349,,,,,,,,,,,,,,,48113,,S1630,0.00104165655349741
1531627,4,7ff7c4bc-644d-44cb-816d-fc98d3b66717,110686323364,{F27AAE8E-8459-46CE-926B-6F515BE7874F},2016 BAS Tiger/Line Shapefiles Release,"U.S Department of Commerce, U.S. Census Bureau, Geography Division",20151208120234,,,,,,,,,,,,,,,48113,W Svc Rd,S1640,0.000405350464986075
1618446,4,1b13ed62-61c7-4f28-b403-0ebefc24deae,110686411385,{F27AAE8E-8459-46CE-926B-6F515BE7874F},2016 BAS Tiger/Line Shapefiles Release,"U.S Department of Commerce, U.S. Census Bureau, Geography Division",20151208123731,,,,,,,,,,,,,,,48113,University Park Ln,S1740,0.00132238988574827
1618447,4,6fc82a29-9a89-419d-adba-7ec93c68ad3b,110686370069,{F27AAE8E-8459-46CE-926B-6F515BE7874F},2016 BAS Tiger/Line Shapefiles Release,"U.S Department of Commerce, U.S. Census Bureau, Geography Division",20151208135408,,,,,,,,,,,,,,,48113,Hidalgo St,S1400,0.00049229361079273
1618687,4,93349b4c-f6db-4e37-ac12-d80b2f3eaaf2,110686410432,{F27AAE8E-8459-46CE-926B-6F515BE7874F},2016 BAS Tiger/Line Shapefiles Release,"U.S Department of Commerce, U.S. Census Bureau, Geography Division",20151208133159,,,,,,,,,,,,,,,48113,E John Carpenter Fwy,S1640,0.00581074172286962
1618688,4,d320ac05-9755-4c0e-b379-c1bb17e9c02d,110686402170,{F27AAE8E-8459-46CE-926B-6F515BE7874F},2016 BAS Tiger/Line Shapefiles Release,"U.S Department of Commerce, U.S. Census Bureau, Geography Division",20151208112655,,,,,,,,,,,,,,,48113,Constantine,S1400,0.00175833056149719
1618689,1,13af6345-ab35-479c-9adc-85da16903bf3,110686411539,{F27AAE8E-8459-46CE-926B-6F515BE7874F},2016 BAS Tiger/Line Shapefiles Release,"U.S Department of Commerce, U.S. Census Bureau, Geography Division",20151208123229,,,,,,,,,114,,,,,,48113,E John W Carpenter Fwy,S1100,0.000741027123605019
1618690,5,9cb0ab67-f632-48e8-9aac-4ca65d2af3c1,1105317260633,{F27AAE8E-8459-46CE-926B-6F515BE7874F},2016 BAS Tiger/Line Shapefiles Release,"U.S Department of Commerce, U.S. Census Bureau, Geography Division",20151208134505,,,,,,,,,,,,,,,48113,,S1630,0.00461672399130461
1618691,1,490ef3c7-63fa-4a15-9801-f625282c097a,1104487292195,{F27AAE8E-8459-46CE-926B-6F515BE7874F},2016 BAS Tiger/Line Shapefiles Release,"U.S Department of Commerce, U.S. Census Bureau, Geography Division",20151208124827,,,,,,,,,12,,,,,,48113,N Walton Walker Blvd,S1100,0.000244145021755178
1618692,1,77fadc39-c8ac-47ea-b834-72262f46a8e2,110686412143,{F27AAE8E-8459-46CE-926B-6F515BE7874F},2016 BAS Tiger/Line Shapefiles Release,"U.S Department of Commerce, U.S. Census Bureau, Geography Division",20151208134550,,,,,,,,,114,,,,,,48113,W Johnson W Carpenter Fwy,S1100,0.000382744039161539
1705372,4,7ca2a3c7-6090-40bf-9692-3ad75c83daa9,110686356838,{F27AAE8E-8459-46CE-926B-6F515BE7874F},2016 BAS Tiger/Line Shapefiles Release,"U.S Department of Commerce, U.S. Census Bureau, Geography Division",20151208114649,,,,,,,,,,,,,,,48113,Gorman Dr,S1400,0.000315547655866241
1705373,4,a8e89237-98ca-4ab4-83b9-e7dd3eff11e5,110686379171,{F27AAE8E-8459-46CE-926B-6F515BE7874F},2016 BAS Tiger/Line Shapefiles Release,"U.S Department of Commerce, U.S. Census Bureau, Geography Division",20151208112456,,,,,,,,,,,,,,,48113,Haggerty,S1400,0.00125536584575694
1705374,5,0599c06d-cd9e-4ae3-9e06-9a5032ad02c3,1105317260657,{F27AAE8E-8459-46CE-926B-6F515BE7874F},2016 BAS Tiger/Line Shapefiles Release,"U.S Department of Commerce, U.S. Census Bureau, Geography Division",20151208133841,,,,,,,,,,,,,,,48113,,S1630,0.000341249093333931
1705375,1,7ebdf66e-18d7-442d-922b-27cc3b517f17,110686411539,{F27AAE8E-8459-46CE-926B-6F515BE7874F},2016 BAS Tiger/Line Shapefiles Release,"U.S Department of Commerce, U.S. Census Bureau, Geography Division",20151208123229,,,,,,,,,114,,,,,,48113,E John W Carpenter Fwy,S1100,0.000229511067113761
1792155,4,c7398dc0-89f3-47a8-9d39-d584049a14e5,110686383150,{F27AAE8E-8459-46CE-926B-6F515BE7874F},2016 BAS Tiger/Line Shapefiles Release,"U.S Department of Commerce, U.S. Census Bureau, Geography Division",20151208134014,,,,,,,,,,,,,,,48113,Rochelle Blvd,S1400,0.00101437073930991
1792391,4,4b6258a9-2ff9-411d-a317-4b73df6e4297,110686356838,{F27AAE8E-8459-46CE-926B-6F515BE7874F},2016 BAS Tiger/Line Shapefiles Release,"U.S Department of Commerce, U.S. Census Bureau, Geography Division",20151208114649,,,,,,,,,,,,,,,48113,Gorman Dr,S1400,0.000509048130545942
1792392,1,7a4d51ac-bbe3-4ba3-b71c-0a2653f63895,110686411539,{F27AAE8E-8459-46CE-926B-6F515BE7874F},2016 BAS Tiger/Line Shapefiles Release,"U.S Department of Commerce, U.S. Census Bureau, Geography Division",20151208123229,,,,,,,,,114,,,,,,48113,E John W Carpenter Fwy,S1100,0.00307423681112616
1792393,5,c349087a-a73c-4d42-a209-a8ed36e0d8a4,110686459275,{F27AAE8E-8459-46CE-926B-6F515BE7874F},2016 BAS Tiger/Line Shapefiles Release,"U.S Department of Commerce, U.S. Census Bureau, Geography Division",20151208114328,,,,,,,,,,,,,,,48113,,S1630,0.00279990612040605
1792394,1,3c21e911-346c-4112-ac68-a648ad23599c,110686412143,{F27AAE8E-8459-46CE-926B-6F515BE7874F},2016 BAS Tiger/Line Shapefiles Release,"U.S Department of Commerce, U.S. Census Bureau, Geography Division",20151208134550,,,,,,,,,114,,,,,,48113,W Johnson W Carpenter Fwy,S1100,0.00362096703623343
1792395,4,baf1922d-6670-4542-ad14-d011a92ac079,110686411543,{F27AAE8E-8459-46CE-926B-6F515BE7874F},2016 BAS Tiger/Line Shapefiles Release,"U.S Department of Commerce, U.S. Census Bureau, Geography Division",20151208121039,,,,,,,,,,,,,,,48113,E John W Carpenter Fwy,S1640,0.00686511662772142
1792396,4,6197a2aa-870d-4557-a3f6-e2a8995e5e97,110686405156,{F27AAE8E-8459-46CE-926B-6F515BE7874F},2016 BAS Tiger/Line Shapefiles Release,"U.S Department of Commerce, U.S. Census Bureau, Geography Division",20151208120640,,,,,,,,,,,,,,,48113,Tom Braniff Dr,S1400,0.000120999999808191
1792398,5,f2acc857-a936-4845-94b1-d45e9851f1c1,1105317260641,{F27AAE8E-8459-46CE-926B-6F515BE7874F},2016 BAS Tiger/Line Shapefiles Release,"U.S Department of Commerce, U.S. Census Bureau, Geography Division",20151208114613,,,,,,,,,,,,,,,48113,,S1630,0.00199276757270355
1792399,1,45765ed8-918a-4bc0-b3f9-bfd00c54ee69,1104487292195,{F27AAE8E-8459-46CE-926B-6F515BE7874F},2016 BAS Tiger/Line Shapefiles Release,"U.S Department of Commerce, U.S. Census Bureau, Geography Division",20151208124827,,,,,,,,,12,,,,,,48113,N Walton Walker Blvd,S1100,0.000232879796973371
1792400,1,7fa85291-73de-46bc-b0b7-f8b774db0dee,110686412143,{F27AAE8E-8459-46CE-926B-6F515BE7874F},2016 BAS Tiger/Line Shapefiles Release,"U.S Department of Commerce, U.S. Census Bureau, Geography Division",20151208134550,,,,,,,,,114,,,,,,48113,W Johnson W Carpenter Fwy,S1100,0.000245067337307001
1878954,4,d792bae8-60a8-4031-8612-07274075adc5,110686383361,{F27AAE8E-8459-46CE-926B-6F515BE7874F},2016 BAS Tiger/Line Shapefiles Release,"U.S Department of Commerce, U.S. Census Bureau, Geography Division",20151208115948,,,,,,,,,,,,,,,48113,San Juan Ct,S1400,0.0020713617527599
1878955,4,32484702-1658-43e8-b938-853b4c39ff49,1102500440022,{F27AAE8E-8459-46CE-926B-6F515BE7874F},2016 BAS Tiger/Line Shapefiles Release,"U.S Department of Commerce, U.S. Census Bureau, Geography Division",20151208141005,,,,,,,,,,,,,,,48113,Namur Ln,S1400,0.00634354174340239
1879191,4,c378cb71-0c4c-4872-a9e3-3eee60c7788e,110686410432,{F27AAE8E-8459-46CE-926B-6F515BE7874F},2016 BAS Tiger/Line Shapefiles Release,"U.S Department of Commerce, U.S. Census Bureau, Geography Division",20151208133159,,,,,,,,,,,,,,,48113,E John Carpenter Fwy,S1640,0.000443203113020844
1879192,4,da2c3030-0594-4f1b-8d8f-34d768847bf2,110686345681,{F27AAE8E-8459-46CE-926B-6F515BE7874F},2016 BAS Tiger/Line Shapefiles Release,"U.S Department of Commerce, U.S. Census Bureau, Geography Division",20151208114804,,,,,,,,,,,,,,,48113,Maher,S1400,0.00101120577217515
1879193,5,67bc9d5d-4145-416d-b67d-00fb40bdb803,1105317260648,{F27AAE8E-8459-46CE-926B-6F515BE7874F},2016 BAS Tiger/Line Shapefiles Release,"U.S Department of Commerce, U.S. Census Bureau, Geography Division",20151208121654,,,,,,,,,,,,,,,48113,,S1630,0.000472667631443456
1879194,4,91c9102d-fb45-42e4-ba69-89bf426bad8e,110686411543,{F27AAE8E-8459-46CE-926B-6F515BE7874F},2016 BAS Tiger/Line Shapefiles Release,"U.S Department of Commerce, U.S. Census Bureau, Geography Division",20151208121039,,,,,,,,,,,,,,,48113,E John W Carpenter Fwy,S1640,0.000795246501470481
1879195,5,a5cda040-2c64-405a-b277-b8f5e9d44bb7,1105317260641,{F27AAE8E-8459-46CE-926B-6F515BE7874F},2016 BAS Tiger/Line Shapefiles Release,"U.S Department of Commerce, U.S. Census Bureau, Geography Division",20151208114613,,,,,,,,,,,,,,,48113,,S1630,0.000230684573136258
1879196,4,30201126-0d30-4864-ad1e-4a99286a3e1d,110686405158,{F27AAE8E-8459-46CE-926B-6F515BE7874F},2016 BAS Tiger/Line Shapefiles Release,"U.S Department of Commerce, U.S. Census Bureau, Geography Division",20151208111136,,,,,,,,,,,,,,,48113,Tom Braniff Dr,S1400,0.00387324270975074
1879198,1,49170718-ec52-4457-a91c-fcbe0df28d22,110686411539,{F27AAE8E-8459-46CE-926B-6F515BE7874F},2016 BAS Tiger/Line Shapefiles Release,"U.S Department of Commerce, U.S. Census Bureau, Geography Division",20151208123229,,,,,,,,,114,,,,,,48113,E John W Carpenter Fwy,S1100,0.000249255413394775
1966054,4,1e748b6c-e0e3-48e0-9269-90cba159d922,110686383150,{F27AAE8E-8459-46CE-926B-6F515BE7874F},2016 BAS Tiger/Line Shapefiles Release,"U.S Department of Commerce, U.S. Census Bureau, Geography Division",20151208134014,,,,,,,,,,,,,,,48113,Rochelle Blvd,S1400,0.000794191837503961
1966056,4,49ca3576-a85c-48fc-9500-cb37f4e9869d,110686458285,{F27AAE8E-8459-46CE-926B-6F515BE7874F},2016 BAS Tiger/Line Shapefiles Release,"U.S Department of Commerce, U.S. Census Bureau, Geography Division",20151208121307,,,,,,,,,,,,,,,48113,,S1400,0.00352848459524002
1966299,4,49689232-424f-42b1-8f38-9edf72d3544c,110686395218,{F27AAE8E-8459-46CE-926B-6F515BE7874F},2016 BAS Tiger/Line Shapefiles Release,"U.S Department of Commerce, U.S. Census Bureau, Geography Division",20151208120549,,,,,,,,,,,,,,,48113,Chemsearch Blvd,S1400,0.00698214891590709
2052843,4,61dd2c12-62d3-4e0a-9239-57d14d3491e0,110686374074,{F27AAE8E-8459-46CE-926B-6F515BE7874F},2016 BAS Tiger/Line Shapefiles Release,"U.S Department of Commerce, U.S. Census Bureau, Geography Division",20151208130539,,,,,,,,,,,,,,,48113,Soledad Dr,S1400,0.00122547494230861
2139581,4,6658b1aa-32f3-47c8-97fc-ed839100a6cc,110686348083,{F27AAE8E-8459-46CE-926B-6F515BE7874F},2016 BAS Tiger/Line Shapefiles Release,"U.S Department of Commerce, U.S. Census Bureau, Geography Division",20151208111912,,,,,,,,,,,,,,,48113,Ricci Ln,S1740,0.000744272126464175
2139582,4,bf5dbb3d-240d-4a36-82f1-8c2566cd8be5,1102500440803,{F27AAE8E-8459-46CE-926B-6F515BE7874F},2016 BAS Tiger/Line Shapefiles Release,"U.S Department of Commerce, U.S. Census Bureau, Geography Division",20151208140918,,,,,,,,,,,,,,,48113,Ricci Ct,S1400,0.000508736669760505
2139585,1,bfe7e205-8528-48c5-bd2f-2bf1ff2047f8,110686411539,{F27AAE8E-8459-46CE-926B-6F515BE7874F},2016 BAS Tiger/Line Shapefiles Release,"U.S Department of Commerce, U.S. Census Bureau, Geography Division",20151208123229,,,,,,,,,114,,,,,,48113,E John W Carpenter Fwy,S1100,0.00247472623463141
2139814,4,6b43b406-ef7a-441a-8549-2421c9ca755b,110686405158,{F27AAE8E-8459-46CE-926B-6F515BE7874F},2016 BAS Tiger/Line Shapefiles Release,"U.S Department of Commerce, U.S. Census Bureau, Geography Division",20151208111136,,,,,,,,,,,,,,,48113,Tom Braniff Dr,S1400,0.000794871670346593
2139815,4,21dddb08-1d63-45ba-bf12-396acfba94bd,110686402170,{F27AAE8E-8459-46CE-926B-6F515BE7874F},2016 BAS Tiger/Line Shapefiles Release,"U.S Department of Commerce, U.S. Census Bureau, Geography Division",20151208112655,,,,,,,,,,,,,,,48113,Constantine,S1400,0.00275804348130439
2139816,4,f44efb1c-7efa-43b6-82c4-985337398aa9,110686405156,{F27AAE8E-8459-46CE-926B-6F515BE7874F},2016 BAS Tiger/Line Shapefiles Release,"U.S Department of Commerce, U.S. Census Bureau, Geography Division",20151208120640,,,,,,,,,,,,,,,48113,Tom Braniff Dr,S1400,0.000148852275510358
2139817,4,857b9035-9699-4bc5-b3c4-3822a3576fc2,110686410432,{F27AAE8E-8459-46CE-926B-6F515BE7874F},2016 BAS Tiger/Line Shapefiles Release,"U.S Department of Commerce, U.S. Census Bureau, Geography Division",20151208133159,,,,,,,,,,,,,,,48113,E John Carpenter Fwy,S1640,0.000275220490071589
2226893,5,ce994884-456a-4254-a89e-51476a6a3520,1105317260653,{F27AAE8E-8459-46CE-926B-6F515BE7874F},2016 BAS Tiger/Line Shapefiles Release,"U.S Department of Commerce, U.S. Census Bureau, Geography Division",20151208113804,,,,,,,,,,,,,,,48113,,S1630,0.000296386571453346
2226894,4,05a5eaa5-a9c7-48b4-8ac2-f068c6b80ed6,110686405158,{F27AAE8E-8459-46CE-926B-6F515BE7874F},2016 BAS Tiger/Line Shapefiles Release,"U.S Department of Commerce, U.S. Census Bureau, Geography Division",20151208111136,,,,,,,,,,,,,,,48113,Tom Braniff Dr,S1400,0.000146030818410073
2226895,4,fb4ce226-9aac-4fa5-b891-f02c523c76f6,110686405158,{F27AAE8E-8459-46CE-926B-6F515BE7874F},2016 BAS Tiger/Line Shapefiles Release,"U.S Department of Commerce, U.S. Census Bureau, Geography Division",20151208111136,,,,,,,,,,,,,,,48113,Tom Braniff Dr,S1400,0.000312216447097829
2226896,4,e1fd6704-ba86-491c-80f1-2e3885cb625f,110686405108,{F27AAE8E-8459-46CE-926B-6F515BE7874F},2016 BAS Tiger/Line Shapefiles Release,"U.S Department of Commerce, U.S. Census Bureau, Geography Division",20151208123615,,,,,,,,,,,,,,,48113,Texas Plaza Dr,S1400,0.00220415547667905
2226897,5,cddc7b0e-f0bc-48b1-9040-e48abaa31b98,1105317260638,{F27AAE8E-8459-46CE-926B-6F515BE7874F},2016 BAS Tiger/Line Shapefiles Release,"U.S Department of Commerce, U.S. Census Bureau, Geography Division",20151208121039,,,,,,,,,,,,,,,48113,,S1630,0.00114706731066278
2313703,4,9c803d52-4140-4dbf-8d14-e920eda4d838,110686370069,{F27AAE8E-8459-46CE-926B-6F515BE7874F},2016 BAS Tiger/Line Shapefiles Release,"U.S Department of Commerce, U.S. Census Bureau, Geography Division",20151208135408,,,,,,,,,,,,,,,48113,Hidalgo St,S1400,0.000880527113503979
2313704,4,5f22cad6-c7d4-48d2-95eb-cbe112a2a1f7,110686369254,{F27AAE8E-8459-46CE-926B-6F515BE7874F},2016 BAS Tiger/Line Shapefiles Release,"U.S Department of Commerce, U.S. Census Bureau, Geography Division",20151208130826,,,,,,,,,,,,,,,48113,Garrett Dr,S1740,0.00329939888628219
2313925,4,2c3febeb-652c-4ece-bfde-e42555f595e9,110686395281,{F27AAE8E-8459-46CE-926B-6F515BE7874F},2016 BAS Tiger/Line Shapefiles Release,"U.S Department of Commerce, U.S. Census Bureau, Geography Division",20151208122440,,,,,,,,,,,,,,,48113,Cistercian Rd,S1400,0.00349469326522785
2313927,4,51b1b02a-5f2e-432d-a706-51612810c1da,110686405158,{F27AAE8E-8459-46CE-926B-6F515BE7874F},2016 BAS Tiger/Line Shapefiles Release,"U.S Department of Commerce, U.S. Census Bureau, Geography Division",20151208111136,,,,,,,,,,,,,,,48113,Tom Braniff Dr,S1400,0.000171011695245233
2313928,1,264259cb-e193-4770-8f2f-c49299824f49,1104487292195,{F27AAE8E-8459-46CE-926B-6F515BE7874F},2016 BAS Tiger/Line Shapefiles Release,"U.S Department of Commerce, U.S. Census Bureau, Geography Division",20151208124815,,,,,,,,,12,,,,,,48113,N Walton Walker Blvd,S1100,0.00401478549641126
2400172,4,7825b229-93cf-4018-8a3a-378a1269ec47,110686383150,{F27AAE8E-8459-46CE-926B-6F515BE7874F},2016 BAS Tiger/Line Shapefiles Release,"U.S Department of Commerce, U.S. Census Bureau, Geography Division",20151208134014,,,,,,,,,,,,,,,48113,Rochelle Blvd,S1400,0.00399210180421397
2400173,4,bfeaa7db-5a69-40f4-a7cf-9d96e84b3fe1,110686364018,{F27AAE8E-8459-46CE-926B-6F515BE7874F},2016 BAS Tiger/Line Shapefiles Release,"U.S Department of Commerce, U.S. Census Bureau, Geography Division",20151208124518,,,,,,,,,,,,,,,48113,Sonora Ct,S1400,0.00210298322084145
2400174,4,2fa6eb74-8c03-432c-8eeb-b2569a2d4254,110686410432,{F27AAE8E-8459-46CE-926B-6F515BE7874F},2016 BAS Tiger/Line Shapefiles Release,"U.S Department of Commerce, U.S. Census Bureau, Geography Division",20151208133159,,,,,,,,,,,,,,,48113,E John Carpenter Fwy,S1640,0.000416512526562788
2400428,4,7fcadcfd-4f08-43e3-8405-b24cf0005275,110686391227,{F27AAE8E-8459-46CE-926B-6F515BE7874F},2016 BAS Tiger/Line Shapefiles Release,"U.S Department of Commerce, U.S. Census Bureau, Geography Division",20151208115634,,,,,,,,,,,,,,,48113,E Northgate Dr,S1400,0.00397852156581352
2400429,1,891fcfbc-c2b7-4a38-aab9-044e3c944c69,110686412143,{F27AAE8E-8459-46CE-926B-6F515BE7874F},2016 BAS Tiger/Line Shapefiles Release,"U.S Department of Commerce, U.S. Census Bureau, Geography Division",20151208134550,,,,,,,,,114,,,,,,48113,W Johnson W Carpenter Fwy,S1100,0.000309614275680623
2400430,5,93cbd6e0-feb2-42db-a281-f4c18100c582,1105317260635,{F27AAE8E-8459-46CE-926B-6F515BE7874F},2016 BAS Tiger/Line Shapefiles Release,"U.S Department of Commerce, U.S. Census Bureau, Geography Division",20151208112044,,,,,,,,,,,,,,,48113,,S1630,0.0029230806671104
2400431,4,8712fc99-f3cc-42cd-98b1-949ab8a2448a,110686323364,{F27AAE8E-8459-46CE-926B-6F515BE7874F},2016 BAS Tiger/Line Shapefiles Release,"U.S Department of Commerce, U.S. Census Bureau, Geography Division",20151208120234,,,,,,,,,,,,,,,48113,W Svc Rd,S1640,0.00512873325482941
2400432,4,ffa5bcfd-6cdd-4eeb-9242-5ef234b95602,110686411543,{F27AAE8E-8459-46CE-926B-6F515BE7874F},2016 BAS Tiger/Line Shapefiles Release,"U.S Department of Commerce, U.S. Census Bureau, Geography Division",20151208121039,,,,,,,,,,,,,,,48113,E John W Carpenter Fwy,S1640,0.00533291127894003
2486882,4,9d4cdea8-3f07-49a1-b590-d74818a77cd4,110686383150,{F27AAE8E-8459-46CE-926B-6F515BE7874F},2016 BAS Tiger/Line Shapefiles Release,"U.S Department of Commerce, U.S. Census Bureau, Geography Division",20151208134014,,,,,,,,,,,,,,,48113,Rochelle Blvd,S1400,0.00124585970278897
2486883,4,84a18e33-3102-475a-b3b3-e70d114d33ed,110686383150,{F27AAE8E-8459-46CE-926B-6F515BE7874F},2016 BAS Tiger/Line Shapefiles Release,"U.S Department of Commerce, U.S. Census Bureau, Geography Division",20151208134014,,,,,,,,,,,,,,,48113,Rochelle Blvd,S1400,0.000783791235139085
2486885,4,07bed391-4c79-4223-a4c2-64d5d8e879b4,110686458285,{F27AAE8E-8459-46CE-926B-6F515BE7874F},2016 BAS Tiger/Line Shapefiles Release,"U.S Department of Commerce, U.S. Census Bureau, Geography Division",20151208121307,,,,,,,,,,,,,,,48113,,S1400,0.00107174233830888
2486886,4,6ea44b48-718b-4182-a92a-65ac17615126,110686463074,{F27AAE8E-8459-46CE-926B-6F515BE7874F},2016 BAS Tiger/Line Shapefiles Release,"U.S Department of Commerce, U.S. Census Bureau, Geography Division",20151208130033,,,,,,,,,,,,,,,48113,,S1400,0.000385810833834044
2487142,1,be92ec9a-1094-446f-a61d-0561b1b04cf8,110686412143,{F27AAE8E-8459-46CE-926B-6F515BE7874F},2016 BAS Tiger/Line Shapefiles Release,"U.S Department of Commerce, U.S. Census Bureau, Geography Division",20151208134550,,,,,,,,,114,,,,,,48113,W Johnson W Carpenter Fwy,S1100,0.000415369714193209
2487143,4,41ca62d1-3d8e-4592-aa41-ba4fef6b77bb,110686405156,{F27AAE8E-8459-46CE-926B-6F515BE7874F},2016 BAS Tiger/Line Shapefiles Release,"U.S Department of Commerce, U.S. Census Bureau, Geography Division",20151208120640,,,,,,,,,,,,,,,48113,Tom Braniff Dr,S1400,0.000323037183837694
2487144,4,afc2e387-d0ab-4e5b-b691-08599cccd8c3,110686405156,{F27AAE8E-8459-46CE-926B-6F515BE7874F},2016 BAS Tiger/Line Shapefiles Release,"U.S Department of Commerce, U.S. Census Bureau, Geography Division",20151208120640,,,,,,,,,,,,,,,48113,Tom Braniff Dr,S1400,0.000389103790094761
2487145,4,0c486882-6cd2-44fe-a87d-cfae49f96bd1,110686323364,{F27AAE8E-8459-46CE-926B-6F515BE7874F},2016 BAS Tiger/Line Shapefiles Release,"U.S Department of Commerce, U.S. Census Bureau, Geography Division",20151208120234,,,,,,,,,,,,,,,48113,W Svc Rd,S1640,0.0011008692003521
2487146,4,3ee50e0f-9b28-47d8-9ed6-6df7dd57e11a,110686323365,{F27AAE8E-8459-46CE-926B-6F515BE7874F},2016 BAS Tiger/Line Shapefiles Release,"U.S Department of Commerce, U.S. Census Bureau, Geography Division",20151208121646,,,,,,,,,,,,,,,48113,W Svc Rd,S1640,0.00463126567329789
2574411,4,0544ae34-133f-4bba-aaca-feda7003bbff,110686400721,{F27AAE8E-8459-46CE-926B-6F515BE7874F},2016 BAS Tiger/Line Shapefiles Release,"U.S Department of Commerce, U.S. Census Bureau, Geography Division",20151208121819,,,,,,,,,,,,,,,48113,University Ave,S1400,0.0033636966543327
2574413,5,7b3482f6-792d-469a-9f28-34ae312d84d9,1105317260653,{F27AAE8E-8459-46CE-926B-6F515BE7874F},2016 BAS Tiger/Line Shapefiles Release,"U.S Department of Commerce, U.S. Census Bureau, Geography Division",20151208113804,,,,,,,,,,,,,,,48113,,S1630,0.000552394182850622
2574414,5,154dc4ff-1d6c-4392-aa86-33fe3c152140,1105317260653,{F27AAE8E-8459-46CE-926B-6F515BE7874F},2016 BAS Tiger/Line Shapefiles Release,"U.S Department of Commerce, U.S. Census Bureau, Geography Division",20151208113804,,,,,,,,,,,,,,,48113,,S1630,0.00535146644835966
2660736,4,a4a05fba-6a3c-4c19-82ae-6329986f7a34,110686348083,{F27AAE8E-8459-46CE-926B-6F515BE7874F},2016 BAS Tiger/Line Shapefiles Release,"U.S Department of Commerce, U.S. Census Bureau, Geography Division",20151208111912,,,,,,,,,,,,,,,48113,Ricci Ln,S1740,0.0015452011199355
2660737,4,a2f3e33f-d2bf-4837-b238-426714ea2617,110686411385,{F27AAE8E-8459-46CE-926B-6F515BE7874F},2016 BAS Tiger/Line Shapefiles Release,"U.S Department of Commerce, U.S. Census Bureau, Geography Division",20151208123731,,,,,,,,,,,,,,,48113,University Park Ln,S1740,0.000969193346882844
2660738,4,e118ce52-2e83-4458-89ed-d3baaa86b3be,110686329708,{F27AAE8E-8459-46CE-926B-6F515BE7874F},2016 BAS Tiger/Line Shapefiles Release,"U.S Department of Commerce, U.S. Census Bureau, Geography Division",20151208135633,,,,,,,,,,,,,,,48113,Carl Rd,S1400,0.00643712450997673
2660739,4,08019b58-3e97-484c-9178-b0d55ebffb7f,110686369078,{F27AAE8E-8459-46CE-926B-6F515BE7874F},2016 BAS Tiger/Line Shapefiles Release,"U.S Department of Commerce, U.S. Census Bureau, Geography Division",20151208135924,,,,,,,,,,,,,,,48113,Fortune Dr,S1400,0.00494561614789686
2660740,4,9d483752-1dea-4d2c-a98e-11f98dfa37c1,110686391227,{F27AAE8E-8459-46CE-926B-6F515BE7874F},2016 BAS Tiger/Line Shapefiles Release,"U.S Department of Commerce, U.S. Census Bureau, Geography Division",20151208115634,,,,,,,,,,,,,,,48113,E Northgate Dr,S1400,0.00232072967148737
2660741,4,7cf28852-4bd8-4bbb-aa0f-274570ffe6ea,1102500440022,{F27AAE8E-8459-46CE-926B-6F515BE7874F},2016 BAS Tiger/Line Shapefiles Release,"U.S Department of Commerce, U.S. Census Bureau, Geography Division",20151208141005,,,,,,,,,,,,,,,48113,Namur Ln,S1400,0.00264432593447415
2660742,4,b8af8de2-2b79-46c1-902e-d20db89f5945,110686410432,{F27AAE8E-8459-46CE-926B-6F515BE7874F},2016 BAS Tiger/Line Shapefiles Release,"U.S Department of Commerce, U.S. Census Bureau, Geography Division",20151208133159,,,,,,,,,,,,,,,48113,E John Carpenter Fwy,S1640,0.000884597647257013
2660954,4,d35a3b4a-7e6e-4465-bf84-41817b912d7f,110686410432,{F27AAE8E-8459-46CE-926B-6F515BE7874F},2016 BAS Tiger/Line Shapefiles Release,"U.S Department of Commerce, U.S. Census Bureau, Geography Division",20151208133159,,,,,,,,,,,,,,,48113,E John Carpenter Fwy,S1640,0.0012333147722674
2660955,4,baf40c35-be9c-462f-8ac1-d93126b330c9,110686405158,{F27AAE8E-8459-46CE-926B-6F515BE7874F},2016 BAS Tiger/Line Shapefiles Release,"U.S Department of Commerce, U.S. Census Bureau, Geography Division",20151208111136,,,,,,,,,,,,,,,48113,Tom Braniff Dr,S1400,0.00252757277043427
2660956,4,1d0586d1-d547-4cad-901d-87115231dab7,110686410432,{F27AAE8E-8459-46CE-926B-6F515BE7874F},2016 BAS Tiger/Line Shapefiles Release,"U.S Department of Commerce, U.S. Census Bureau, Geography Division",20151208133159,,,,,,,,,,,,,,,48113,E John Carpenter Fwy,S1640,0.00019258504584197
2660957,5,ed26c765-2291-4cf9-a15f-34c6c196d308,1105317260653,{F27AAE8E-8459-46CE-926B-6F515BE7874F},2016 BAS Tiger/Line Shapefiles Release,"U.S Department of Commerce, U.S. Census Bureau, Geography Division",20151208113804,,,,,,,,,,,,,,,48113,,S1630,0.000219692967247813
2660958,5,b8903818-6091-4d72-ab07-00177a6f29a4,1105317260653,{F27AAE8E-8459-46CE-926B-6F515BE7874F},2016 BAS Tiger/Line Shapefiles Release,"U.S Department of Commerce, U.S. Census Bureau, Geography Division",20151208113804,,,,,,,,,,,,,,,48113,,S1630,0.000301444853523646
2747942,4,978f78e8-4d4a-4b59-9a17-bcab543f4dc6,110686329708,{F27AAE8E-8459-46CE-926B-6F515BE7874F},2016 BAS Tiger/Line Shapefiles Release,"U.S Department of Commerce, U.S. Census Bureau, Geography Division",20151208135633,,,,,,,,,,,,,,,48113,Carl Rd,S1400,0.000199010049665551
2747943,4,9a7bb387-487e-492a-bda0-cb33c128d1cb,110686455357,{F27AAE8E-8459-46CE-926B-6F515BE7874F},2016 BAS Tiger/Line Shapefiles Release,"U.S Department of Commerce, U.S. Census Bureau, Geography Division",20151208121145,,,,,,,,,,,,,,,48113,,S1400,0.00110461285001039
2748175,4,2f30ae12-8e02-4018-a6a3-f8e3be04cbb5,110686367977,{F27AAE8E-8459-46CE-926B-6F515BE7874F},2016 BAS Tiger/Line Shapefiles Release,"U.S Department of Commerce, U.S. Census Bureau, Geography Division",20151208133206,,,,,,,,,,,,,,,48113,Crusade,S1400,0.00122907973513021
2748176,4,504fad15-7207-48b1-951e-60ef4d3224de,110686405368,{F27AAE8E-8459-46CE-926B-6F515BE7874F},2016 BAS Tiger/Line Shapefiles Release,"U.S Department of Commerce, U.S. Census Bureau, Geography Division",20151208131926,,,,,,,,,,,,,,,48113,Vince Hagan Dr,S1400,0.00396436694102594
2748177,4,0cc72793-5c8d-45eb-85e2-904d90097fcb,110686411543,{F27AAE8E-8459-46CE-926B-6F515BE7874F},2016 BAS Tiger/Line Shapefiles Release,"U.S Department of Commerce, U.S. Census Bureau, Geography Division",20151208121039,,,,,,,,,,,,,,,48113,E John W Carpenter Fwy,S1640,0.00016234839053153
